{"Train Accuracy":0.690821256,"Test Accuracy":0.6811594203,"Train F1":0.4128440367,"Test F1":0.3125,"Best Score":0.6185130767,"Best Params":{"var_smoothing":1.0}}