{"Train Accuracy":0.6787439614,"Test Accuracy":0.6811594203,"Train F1":0.4035874439,"Test F1":0.3333333333,"Best Score":0.6086147661,"Best Params":{"var_smoothing":0.8111308308}}