{"Train Accuracy":0.6893424036,"Test Accuracy":0.6756756757,"Train F1":0.4069264069,"Test F1":0.3076923077,"Best Score":0.610546476,"Best Params":{"var_smoothing":1.0}}