{"Train Accuracy":0.3990929705,"Test Accuracy":0.3063063063,"Train F1":0.4071588367,"Test F1":0.3185840708,"Best Score":0.3899530184,"Best Params":{"var_smoothing":0.0123284674}}