{"Train Accuracy":0.6943005181,"Test Accuracy":0.686746988,"Train F1":0.3789473684,"Test F1":0.2972972973,"Best Score":0.6227203749,"Best Params":{"var_smoothing":1.0}}