{"Train Accuracy":0.914507772,"Test Accuracy":0.765060241,"Train F1":0.7975460123,"Test F1":0.4179104478,"Best Score":0.8011248167,"Best Params":{"C":10,"decision_function_shape":"ovo","gamma":0.01,"kernel":"rbf"}}